pergunta;alternativas;resposta_certa;alternativa_1;alternativa_2;alternativa_3;embaralhar
Como é conhecida a gordura animal, principalmente do porco?;3;Banha;Toucinho;Lipídio;-;N
Qual a primeira profissão do ator Sean Connery antes da fama?;3;Leiteiro;Padeiro;Motorista;-;N
Qual é a idade do piloto Rubens Barrichello?;3;52;51;49;-;N
"Pedro, da dupla ""Pedro & Thiago"", é filho de qual cantor?";3;Leonardo;Chitãozinho;Leandro;-;N
"Na novela ""O Rei do Gado"" quem interpretava ""Geremias Berdinazzi""?";3;Raul Cortez;Stênio Garcia;Antônio Fagundes;-;N
"Que tipo de peixe é Nemo, personagem principal do filme ""Procurando Nemo""?";3;Peixe-palhaço;Cirurgião-patela;Peixe-dourado;-;N
"Sua interpretaçã mais famosa é a música ""Conceição"":";3;Cauby Peixoto;Dorival Caymmi;Agnaldo Timóteo;-;N
O tifo é uma doença transmitida por qual agente?;3;Carrapato;Mosquito;Porco;-;N
Como é chamada a mansão onde Elvis Presley viveu?;3;Graceland;Wonderland;Neverland;-;N
Em qual time de futebol juvenil jogou o arquiteto Oscar Niemeyer?;4;Fluminense;Flamengo;Palmeiras;Corinthians;N
Tambor de Crioula é uma dança típica de qual estado?;4;Maranhão;Bahia;Pernambuco;Amazonas;N
Quem era o camisa 7 da Seleção Brasileira na Copa do Mundo de 1970?;4;Jairzinho;Gérson;Rivelino;Tostão;N
Qual o nome do terceiro romance escrito por Chico Buarque?;4;Budapeste;Geni;Benjamim;Estorvo;N
Qual desses monumentos é o mais alto?;4;Torre Eiffel;Torre de Pisa;Pirâmide do Egito;Big Ben;N
Medicina, Engenharia ou Direito. Saddam Hussein fez faculdade de quê?;5;C;-;-;-;N
Francês, Espanhol ou Inglês. Qual é a língua oficial da Nova Zelândia?;5;C;-;-;-;N
Solo, Ária ou Capela. Qual o nome de uma peça musica feita para uma voz só?;5;B;-;-;-;N
"O personagem do ""Dr. David Banner"" fez parte de qual seriado de TV?";3;O Incrível Hulk;Homem Invisível;Cyborgue;-;N
Como é chamada a descida de rios em botes infláveis?;3;Rafting;Bungee Jump;Rapel;-;N
Qual é o nome dos produtos agrícolas geneticamente modificados?;3;Transgênicos;Congênitos;Primogênitos;-;N
Quem foi o criador do Teleton?;3;Jerry Lewis;Silvio Santos;Dom Francisco;-;N
Quem esboçou pela primeira vez um tanque de guerra?;3;Leonardo da Vinci;Michelângelo;Adolf Hitler;-;N
Quantas cordas tem um violino?;3;4;6;8;-;N
Qual foi o vencedor do Oscar 2003 na categoria melhor filme?;3;Chicago;As Horas;O Pianista;-;N
Baby do Brasil, Pepeu Gomes, Moraes Moreira, Paulinho Boca de Cantor e Luiz Galvão formaram qual grupo nos anos 70?;4;Novos Baianos;A Cor do Som;Tropicália;Mutantes;N
Qual o nome do 1º líquido que o recém-nascido mama direto do seio da mãe?;4;Colostro;Soro;Leite;Água;N
"Que ator imortalizou o personagem ""Dr. Jivago"" no cinema?";4;Omar Sharif;Laurence Olivier;Marlon Brando;Charlton Heston;N
"No desenho animado que animal era o personagem ""Touché""?";4;Tartaruga;Coelho;Cachorro;Urso;N
Com quantos anos morreu a cantora Elis Regina?;4;36 anos;38 anos;34 anos;37 anos;N
"Qual jogador era chamado de ""O Reizinho do Parque""?";4;Rivelino;Zé Maria;Geraldão;Marcelinho Carioca;N
"Os ""flaps"" estão relacionados à qual parte do avião?";4;Asas;Cabine;Trem de pouso;Turbinas;N
"O ""Leboyer"" é um tipo de quê?";4;Parto;Raça Bovina;Bebida;Relaxamento;N
"Na novela ""Tieta"", qual atriz interpretava a personagem ""Perpétua?";4;Joana Fomm;Betty Faria;Arlete Salles;Sônia Braga;N
3 de maio, 7 de julho, 8 de janeiro. Qual o dia do aniversário de Elvis Presley?;5;C;-;-;-;N
"José Saramago, José de Alencar ou José Lins do Rego. Quem escreveu o livro ""Riacho Doce""?";5;C;-;-;-;N
"Elizabeth I, Vitória, Maria I. Que rainha da Inglaterra ficou conhecida como a ""Rainha Virgem""?";5;A;-;-;-;N
Robert Redford, Paul Newman, Warren Beatty. Quem é o irmão mais novo da atriz Shirley MacLaine?;5;C;-;-;-;N
Paris e Londres, Istambul e Paris, Londres e Istanbul. Quais cidades são ligadas pelo Expresso Oriente?;5;B;-;-;-;N
18, 21, 24. Pela lei brasileira, qual é a idade mínima para se adotar uma criança?;5;A;-;-;-;N
Cairota, Cairense, Cairiano. Qual é o gentílico de quem nasce ou vive no Cairo?;5;A;-;-;-;N
29, 31, 35. Com quantos anos morreu o ator Rodolfo Valentino?;5;B;-;-;-;N
"O personagem ""Zeca Urubu"" faz parte de qual desenho?";3;Pica-Pau;Scooby-Doo;Speed Racer;-;N
Qual atriz iniciou carreira no cinema participando da refilmagem de King Kong em 1976?;3;Jessica Lange;Ava Gardner;Rita Hayworth;-;N
"Qual é o nome do Ministro da Fazenda que lançou o ""Plano Cruzado 1""?";3;Dilson Funaro;Zélia Cardoso;Francisco Dornelles;-;N
Qual destes livros não foi escrito por Jorge Amado?;3;Iracema;Mar Morto;Tieta do Agreste;-;N
Em que filme Tom Hanks ganhou seu primeiro Oscar?;3;Filadélfia;Forrest Gump;Apollo 13;-;N
O cantor Ricky Martin fez parte de qual grupo?;3;Menudos;Dominó;Tremendo;-;N
O camembert é um tipo de quê?;3;Queijo;Vinho;Molho;-;N
Qual aparelho é usado para a medição dos terremotos?;3;Sismógrafo;Barógrafo;Geoscópio;-;N
O Cirque du Soleil teve origem em qual país?;4;Canadá;França;Suíça;Austrália;N
Qual foi o primeiro sucesso de Adoniran Barbosa?;4;Saudosa Maloca;Trem das Onze;Iracema;Tiro ao Álvaro;N
"Qual cantora era chamada de ""Musa da Bossa Nova""?";4;Nara Leão;Elis Regina;Maysa;Nana Caymmi;N
Qual era a nacionalidade do ator Bruce Lee?;4;Americana;Chinesa;Tailandesa;Coreana;N
"Qual jogador recebeu o apelido de ""O Anjo das Pernas Tortas""?";4;Garrincha;Ademir da Guia;Zico;Nilton Santos;N
Marisa Monte, Arnaldo Antunes e Carlinhos Brown formam qual grupo musical?;4;Tribalistas;O Rappa;Tihuana;Los Hermanos;N
Bolívia, Colômbia, Uruguai. Qual país sul-americano tem duas capitais?;5;A;-;-;-;N
Casa Rosada, Casa Branca, Palácio do Planalto. Onde fica o chamado Salão Oval?;5;B;-;-;-;N
Falcão, Gérson, Tostão. Quem interrompeu a carreira devido a um deslocamento de retina?;5;C;-;-;-;N
4983, 5003, 5784. Em que ano estamos atualmente pelo calendário judeu?;5;C;-;-;-;N
Capricórnio, Libra, Aquário. Qual o signo do presidente Lula?;5;B;-;-;-;N
Páris, Menelau, Heitor. Quem matou Aquiles, personagem da mitologia grega?;5;A;Páris;Páris;Páris;N
Vênus, Marte, Netuno. Qual foi o último planeta a ser descoberto?;5;C;-;-;-;N
Qual ator interpretou o personagem Garibaldo no programa infantil Vila Sésamo?;3;Laerte Morrone;Armando Bogus;Paulo José;-;N
Em qual destes lugares não existem pinguins?;3;Ártico;Antártica;África do Sul;-;N
Qual atriz foi indicada ao Oscar por estrelar o filme Moulin Rouge?;3;Nicole Kidman;Michelle Pfeiffer;Kim Basinger;-;N
Como eram chamados os antigos governantes da Rússia?;3;Czares;Kaisers;Imperadores;-;N
Os personagens Jonathan e Jennifer Hart faziam parte de qual seriado de TV?;3;Casal 20;A Gata e o Rato;Super-Homem;-;N
Santa Maria, Pinta e Nina eram caravelas de qual navegador?;3;Cristóvão Colombo;Américo Vespúcio;Vasco da Gama;-;N
Qual é o sinônimo de fraude?;3;Falcatrua;Falha;Perdão;-;N
"Em que cidade se localiza a ""Rua 24 Horas""?";3;Curitiba;São Paulo;Porto Alegre;-;N
O ator Arnold Schwarzenegger foi governador de qual estado americano?;4;Califórnia;Texas;Virgínia;Flórida;N
Qual destes atores não foi um dos Irmãos Coragem?;4;Francisco Cuoco;Tarcísio Meira;Cláudio Marzo;Cláudio Cavalcanti;N
Em que mês nasceu o tenista Gustavo Kuerten?;4;Setembro;Fevereiro;Junho;Janeiro;N
Marcelo Fromer pertenceu a qual banda de rock?;4;Titãs;Skank;Paralamas;Barão Vermelho;N
Qual o nome da cirurgia para retirada de parte da mama?;4;Mastectomia;Citoscopia;Mamografia;Colostomia;N
O balé Bolshoi é originário de qual país?;4;Rússia;Polônia;Alemanha;Áustria;N
"O filme ""Gladiador"" foi vencedor de quantas estatuetas do Oscar?";4;5;4;6;7;N
Quantos gols o Rei Pelé marcou com a camisa da Seleção Brasileira, incluindo jogos oficiais e amistosos?;4;95 gols;150 gols;49 gols;1000 gols;N
Qual era a comida dos deuses do Olimpo?;4;Ambrosia;Mel;Olivas;Leite;N
"Hitler, Napoleão, Júlio César. Quem usou as palavras ""Vim, vi e venci""?";5;C;Júlio César;Júlio César;Júlio César;N
Roma, Nápoles, Florença. Onde está a estátua de Davi, de Michelângelo?;5;C;-;-;-;N
Árabe, Chinês ou Português. O café foi bebido pela primeira vez por qual povo?;5;A;-;-;-;N
Unicórnio, Pégaso, Minotauro. Na mitologia, qual é o cavalo alado?;5;B;Pégaso;Pégaso;Pégaso;N
Equador, Espanha, Chile. O arquipélago de Galápagos pertence a qual país?;5;A;Equador;A;A;N
"Ferreira Gullar, Dias Gomes, Graciliano Ramos. Quem escreveu ""Memórias do Cárcere""?";5;C;Graciliano Ramos;Graciliano Ramos;Graciliano Ramos;N
Mara Gabrilli, Felício Ramuth ou Rodrigo Garcia. Quem é o vice-governador de São Paulo?;5;B;-;-;-;N
Glória Pires, Giulia Gam, Sílvia Pfeifer. De quem Nicholas e Emanuella são filhos?;5;C;-;-;-;N
Onde nasceu Pablo Picasso?;3;Espanha;Portugal;Itália;-;N
Que nome tem a calça folgada presa no tornozelo que é traje típico da região dos Pampas?;3;Bombacha;Poncho;Gibão;-;N
Quem é a atual ministra da Cultura?;3;Margareth Menezes;Preta Gil;Alcione;-;N
Qual era o papel usado pelos egípcios antigos?;3;Papiro;Marché;Acetato;-;N
Qual era o nome do grupo que cantava com Rita Lee no começo de sua carreira?;3;Os Mutantes;Os Incríveis;Tropicália;-;N
Qual destas frutas não é cítrica?;3;Melão;Morango;Laranja;-;N
"Quem interpretou ""Sinhozinho Malta"" na novela Roque Santeiro?";3;Lima Duarte;José Wilker;Paulo Gracindo;-;N
Qual destes filmes ganhou o Oscar de melhor filme?;3;Rocky;Rambo;Predador;-;N
Qual é a maior artéria do corpo?;3;Aorta;Carótida;Safena;-;N
Qual o nome do time de futebol em que jogaram juntos Pelé e Beckenbauer?;4;Cosmos;Jets;Lakers;Yankees;N
"Qual atriz interpreta a ""Rubi"" na novela Kubanacan?";4;Carolina Ferraz;Betty Lago;Danielle Winits;Adriana Esteves;N
"Quem dirigiu o filme ""Coração Valente""?";4;Mel Gibson;Martin Scorcese;Steven Spielberg;James Cameron;N
Cirrus, Cumulus e Stratus são tipos de quê?;4;Nuvens;Árvores;Pedras;Vírus;N
Qual personagem infantil se recusa a crescer e virar adulto?;4;Peter Pan;Cinderela;Pinóquio;O Pequeno Príncipe;N
"Quem é um dos autores da música ""Asa Branca""?";4;Luiz Gonzaga;Dominguinhos;Sivuca;Tom Zé;N
Quem é o sobrinho do humorista Chico Anysio?;4;Marcos Palmeira;Murilo Rosa;Thiago Fragoso;Thiago Lacerda;N
Qual é o sinônimo de indulto?;4;Perdão;Crime;Insulto;Vulto;N
Damasco, Tibéria ou Beirute. Qual é a capital da Síria?;5;A;-;-;-;N
Silicone, Látex ou Siriguela. O que é retirado da seringueira?;5;B;-;-;-;N
Com que idade Mozart escreveu sua primeira obra?;3;5 anos;10 anos;15 anos;-;N
Zinédine Zidane foi campeão mundial de futebol por qual seleção?;3;França;Itália;Camarões;-;N
"Quem escreveu o conto ""O Homem que sabia Javanês""?";3;Lima Barreto;Machado de Assis;José de Alencar;-;231
"No Rio Grande do Sul, a palavra ""prenda"" é sinônimo de quê?";3;Namorada;Botas;Perfume;-;N
Em que cidade Santos Dumont voou com o 14-Bis pela primeira vez?;3;Paris;Roma;Londres;-;213
Como são conhecidos os soldados das Forças de Paz da ONU?;3;Boinas Azuis;Boinas Brancas;Boinas Verdes;-;N
"Quem interpretou Capitão Rodrigo em ""O Tempo e o Vento"", da extinta TV Excelsior?";3;Carlos Zara;Tarcísio Meira;Paulo Autran;-;N
A doença conhecida como escorbuto é causada pela carência de qual vitamina?;4;Vitamina C;Vitamina B;Vitamina A;Vitamina D;3214
A Guarânia é um estilo musical original de qual país?;4;Paraguai;Argentina;Uruguai;Equador;N
Abelim Maria da Cunha é o verdadeiro nome de qual cantora?;4;Ângela Maria;Marlene;Emilinha Borba;Dalva de Oliveira;N
"Qual cidade é conhecida como a ""Capital Mundial dos Diamantes""?";4;Antuérpia;Paris;Joanesburgo;Londres;N
"No quadro humorístico ""Primo Rico, Primo Pobre"", quem interpretava o Primo Rico?";4;Paulo Gracindo;Brandão Filho;Ary Leite;Grande Otelo;N
Em que ano Charles Chaplin criou o personagem Carlitos?;4;1914;1917;1920;1926;N
"Quem escreveu o livro ""Capitães da Areia""?";4;Jorge Amado;Rachel de Queiroz;Ariano Suassuna;Zélia Gattai;N
Quantos filmes os Trapalhões Didi, Dedé, Mussum e Zacarias fizeram juntos?;4;22;20;15;24;N
Qual destas bebidas tem o maior teor de álcool?;4;Whisky;Vodca;Cerveja;Vinho;N
Brasília, Rio de Janeiro ou São Paulo. Em que cidade fica a sede da Petrobrás?;5;B;-;-;-;N
"Dante, Molière ou William Shakespeare. Quem escreveu a peça ""A Megera Domada""?";5;C;-;-;-;N
Corações, Losangos ou Trevos. Que desenho tem o naipe de Copas?;5;A;Corações;A;A;N
Maneta, Manco, Cego de um Olho. Qual era a particularidade física do poeta Luís de Camões?;5;C;Cego de um olho;C;C;N
Napoleão, Ricardo III, Alexandre o Grande. Quem tinha um cavalo chamado Bucéfalo?;5;C;-;C;C;N
1907, 1912, 1914. Em que ano começou a Primeira Guerra Mundial?;5;C;1914;C;C;N
Irã, Iraque, Arábia Saudita. A antiga Mesopotâmia é atualmente qual país?;5;B;Iraque;B;B;N
Numa Pompílio, Júlio César ou Carlos Magno. Quem determinou que o ano tivesse 365 dias?;5;B;-;-;-;N
"Quem criou a expressão ""Cortina de Ferro""?";3;Winston Churchill;Josef Stálin;John Kennedy;-;N
"Quantos filhos tinha o Capitão von Trapp no filme ""A Noviça Rebelde""?";4;7 filhos;3 filhos;10 filhos;5 filhos;N
O que significa judô?;4;Caminho suave;Caminho de pedra;Habilidade de luta;Luta de chão;N
A atriz Sônia Braga nasceu em que estado brasileiro?;4;Paraná;Bahia;Rio de Janeiro;São Paulo;N
Qual país é o maior produtor de leite de vaca do mundo?;4;Índia;Estados Unidos;Rússia;Brasil;N
No seriado de TV, qual é a profissão do marido da feiticeira Samantha?;4;Publicitário;Médico;Corretor;Astronauta;N
Qual foi o primeiro presidente a tomar posse em Brasília?;4;Jânio Quadros;Juscelino Kubitschek;João Goulart;Castelo Branco;N
Câncer, Áries, Sagitário. O carneiro é símbolo de qual signo do zodíaco?;5;B;Áries;B;B;N
Vitiligo, Reumatismo ou Diabetes. Que doença Luiza Brunet sofre desde criança?;5;A;-;-;-;N
Copenhague, Helsinque, Oslo. Qual a capital da Finlândia?;5;B;Helsinque;Helsinque;Helsinque;N
Suez, Mancha, Panamá. Qual é o nome do canal que separa França e Inglaterra?;5;B;Mancha;Mancha;Mancha;N
Vicente Pinzón, Hernán Cortés ou Francisco Pizarro. Quem descobriu o Rio Amazonas?;5;A;-;-;-;N
Vanessa Menga, Patrícia Medrado, Maria Esther Bueno. Quem é considerada a maior tenista brasileira de sempre?;5;C;Maria Esther Bueno;-;-;N
Mãos, Pés, Coluna Vertebral. Em que parte do corpo humano ficam 25% dos ossos?;5;B;Pés;B;B;N
Qual personagem dos desenhos animados completou 85 anos em 2023?;3;Pernalonga;Pica-Pau;Mickey;-;312
Onde nasceu o ator Anthony Quinn?;3;México;Estados Unidos;Grécia;-;231
Qual destes peixes vive em águas frias?;3;Truta;Carpa;Tilápia;-;231
"Que presidente russo promoveu a ""Perestroika""?";3;Mikhail Gorbachev;Boris Yéltsin;Vladimir Putin;-;312
Onde nasceu o compositor Mozart?;3;Áustria;Alemanha;França;-;N
Com quantos anos morreu o ator Paulo Autran?;3;85 anos;80 anos;75 anos;-;N
Que ator interpretou o personagem de novela Beto Rockfeller?;4;Luís Gustavo;Carlos Zara;John Herbert;Tony Ramos;2314
Qual foi a primeira cidade fundada pelos europeus na América?;4;Santo Domingo;São Vicente;Havana;Recife;2134
"No filme ""60 segundos"", com Nicolas Cage, que carro se chama Eleonora?";4;Mustang;Porsche;Ferrari;Mercedes;1243
Qual é a única seleção de futebol que participou de todas as Copas do Mundo?;4;Brasileira;Alemã;Inglesa;Italiana;3241
O sangue humano é filtrado em que órgão?;4;Rim;Coração;Pulmão;Fígado;N
Quantos anos no total teve a carreira da atriz Glória Menezes?;4;57;60;53;62;N
"Roma, Londres ou Paris. Que cidade é conhecida como ""Cidade-Luz""?";5;C;-;-;-;N
62, 63 ou 64. Em que ano John Kennedy foi assassinado?;5;B;-;-;-;N
Com quem a atriz Carolina Dieckmann foi casada?;3;Marcos Frota;Marcos Palmeira;Marcos Paulo;-;N
"No filme ""O Guarda-Costas"", que cantora forma par romântico com o ator Kevin Costner?";3;Whitney Houston;Janet Jackson;Diana Ross;-;N
O que é um Stradivarius?;3;Violino;Diamante;Quadro;-;N
A vacina BCG previne qual doença?;3;Tuberculose;Sarampo;Tétano;-;N
Qual ator se chama Ariclenes Venâncio Martins?;3;Lima Duarte;Tony Ramos;Mário Gomes;-;N
Qual a principal árvore usada na fabricação de papel?;3;Eucalipto;Palmeira;Pinheiro;-;N
"Que compositor clássico é o autor de ""As Quatro Estações""?";3;Vivaldi;Bach;Beethoven;-;N
"Que lugar é conhecido como ""Esmeralda do Atlântico""?";3;Fernando de Noronha;Recife;Salvador;-;N
"Que atriz interpretava Dulcineia Cajazeira na novela ""O Bem-Amado""?";3;Dorinha Duval;Dirce Migliaccio;Ida Gomes;-;N
Que profissão Mauricio de Sousa exercia antes de criar a Turma da Mônica?;4;Repórter policial;Professor;Feirante;Office Boy;N
"Que parte do olho é popularmente conhecida como ""menina dos olhos""?";4;Pupila;Íris;Retina;Córnea;N
Segundo a mitologia romana, Baco era deus do quê?;4;Vinho;Amor;Vento;Mares;N
"Quem é o autor de ""Os Três Mosqueteiros""?";4;Alexandre Dumas;Émile Zola;Honoré de Balzac;Victor Hugo;N
Que atriz famosa de Hollywood se tornou Princesa de Mônaco em 1956?;4;Grace Kelly;Rita Hayworth;Joan Crawford;Romy Schneider;N
Qual destas cartas não é usada em um jogo de truco?;4;6;9;Ás;Valete;N
"Qual era a fruta preferida de Garibaldo, personagem do programa infantil ""Vila Sésamo""?";4;Abacaxi;Banana;Melancia;Morango;N
Que atriz interpretou, por duas vezes, em novelas, a personagem Dona Armênia?;4;Aracy Balabanian;Lolita Rodrigues;Nicette Bruno;Glória Menezes;N
Coelho, Camundongo ou Galinha. Qual dos animais se reproduz mais rápido?;5;B;-;-;-;N
3, 4 ou 5. De quantas Olimpíadas participou Oscar Schmidt?;5;C;-;-;-;N
Que cantora se chama Maria de Fátima Palha de Figueiredo?;3;Fafá de Belém;Maria Alcina;Maria Bethânia;-;N
"Quem fez o papel de Eva Perón no filme-musical ""Evita""?";3;Madonna;Jennifer Lopez;Sharon Stone;-;N
Em que país a vaca é considerada um animal sagrado?;3;Índia;China;Coreia;-;N
Em que país Ayrton Senna venceu seu primeiro Grande Prêmio de Fórmula 1?;3;Portugal;Itália;Espanha;-;N
Quem fez sucesso na TV ao lado do ratinho Topo Gigio, no final dos anos 60?;3;Agildo Ribeiro;Jô Soares;Chico Anysio;-;N
Como se chama a arte de adivinhar o futuro lendo as linhas da mão?;3;Quiromancia;Quirologia;Quiropraxia;-;N
Paulo Roberto Falcão jogou em qual time da Itália?;3;Roma;Milan;Juventus;-;N
"Como é chamado um ""cafezinho"" em Portugal?";3;Bica;Amarguinho;Curto;-;N
"""Bum Bum Paticumbum Prugurundum"" foi o enredo de qual escola de samba?";4;Império Serrano;Mangueira;Portela;Salgueiro;N
"Qual é o nome do filho do Seu Barriga no seriado ""Chaves""?";4;Nhonho;Quico;Girafales;Seu Madruga;N
"Quem interpretava o inspetor Clouseau no filme ""A Pantera Cor-de-Rosa"", de 1963?";4;Peter Sellers;Omar Sharif;Michael Caine;David Niven;N
Qual flor é símbolo do escotismo?;4;Flor-de-lis;Rosa;Gerânio;Girassol;N
Na mitologia grega, quem é o deus dos mares?;4;Poseidon;Hermes;Zeus;Ares;N
Que nome se dá à passagem do estado gasoso para o líquido?;3;Condensação;Fusão;Vaporização;-;N
Que cantor já usou o pseudônimo de Mark Davis?;3;Fábio Júnior;Wanderley Cardoso;Reginaldo Rossi;-;N
Que espanhol famoso já jogou futebol no Real Madrid?;3;Julio Iglesias;Antonio Banderas;Pedro Almodóvar;-;N
Maurício Mattar, Alexandre Frota ou Marcelo Serrado. Quem foi marido de Cláudia Raia?;5;B;-;-;-;-
"Que apresentador ficou famoso pela frase ""Boa noite, Brasil""?";4;Flávio Cavalcanti;Raul Gil;Chacrinha;Blota Júnior;N
Diana, Chita ou Jane. Quem é a mulher do Tarzan?;5;C;-;-;-;N
"No filme ""Shrek"" original, quem dubla o burro falante?";3;Eddie Murphy;Bruce Willis;John Travolta;-;N
Super-Homem, Hulk ou Batman. Quem é Bruce Wayne?;5;C;-;-;-;N
Líbia, Egito ou Marrocos. Qual país é famoso por suas pirâmides?;5;B;-;-;-;-
Roxa, Marrom ou Preta. Qual a faixa de maior graduação no karatê?;5;C;Preta;C;C;N
Ruy Guerra, Gláuber Rocha ou Bruno Barreto. A atriz Leila Diniz teve uma filha com qual cineasta?;5;A;-;-;-;-
Ruy Barbosa, Machado de Assis ou Mário de Andrade. Quem foi o primeiro presidente da Academia Brasileira de Letras?;5;B;-;-;-;-
Maranhão, Sergipe ou Alagoas. Em que estado surgiu o Quilombo dos Palmares?;5;C;-;-;-;N
242, 275 ou 342. As cataratas do Iguaçu têm quantas quedas?;5;B;-;-;-;-
Qual é a fruta predileta da Magali, da Turma da Mônica?;3;Melancia;Maçã;Pera;-;N
"Qual é a origem da palavra ""sutiã""?";3;Francesa;Americana;Italiana;-;N
Que sistema é afetado pela meningite?;3;Nervoso;Sanguíneo;Respiratório;-;N
A ioga é originária de que país?;4;Índia;Indonésia;Japão;China;N
Como é conhecido o camarão de água doce?;4;Pitu;Piaba;Calamar;Lagostim;N
Quantas pernas tem uma barata?;4;6;4;8;10;N
Onde surgiu o futevôlei?;4;Rio de Janeiro;Santos;Florianópolis;Salvador;N
De que parte do boi é tirado o filé mignon?;4;Costas;Barriga;Traseiro;Pescoço;N
Qual é o nome da escola de Harry Potter?;4;Hogwarts;Python;Oxford;Cambridge;N
Quem era o prefeito da cidade de Nova York quando ocorreram os atentados de 11 de setembro?;4;Rudolph Giuliani;Tony Blair;Michael Bloomberg;Jeff Bush;N
Macaco, Zebra ou Leão. Que bicho é associado ao Imposto de Renda?;5;C;-;-;-;N
48, 50, 52. O baralho comum tem quantas cartas?;5;C;-;-;-;N
Japão, China, Índia. Em qual país ocorreu o Massacre da Praça da Paz Celestial?;5;B;-;-;-;N
Feelings, Don't Let Me Down, Pretty Woman. Morris Albert é o autor de que música?;5;A;-;-;-;N
Christina Moutinho, Christina Oiticica, Christina Bueno. Qual é o nome da mulher do escritor Paulo Coelho?;5;B;-;-;-;N
Zeus, Apolo ou Hermes. Quem representava Mercúrio na mitologia grega?;5;C;-;-;-;N
Curdo, Árabe ou Persa. Qual é o idioma oficial do Irã?;5;C;-;-;-;N
Nepal, Mianmar ou Laos. Birmânia é o nome antigo de qual país?;5;B;-;-;-;N
9, 10 ou 11. Quantos jogadores de cada time disputam uma partida de futebol americano?;5;C;-;-;-;N
Inglaterra, Estados Unidos ou Alemanha. Em que país foi inventado o automóvel?;5;C;-;-;-;N
4, 5 ou 6. Quantos continentes tem a Terra?;5;C;-;-;-;N
Divino, Zizinho ou Vavá. Qual era o apelido de Ademir da Guia?;5;A;-;-;-;N
8, 9 ou 10. Quantos planetas existem no nosso Sistema Solar?;5;A;-;-;-;N
Benetton, Jordan ou Jaguar. Em que equipe Rubens Barrichello ingressou na Fórmula 1?;5;B;-;-;-;N
San Marino, Mônaco ou Liechtenstein. Qual país tem a menor área?;5;B;-;-;-;N
Tanzânia, Angola, Marrocos. Onde fica o monte Kilimanjaro?;5;A;Tanzânia;A;A;N
Van Gogh, Gauguin, Monet. Que pintor cortou sua própria orelha?;5;A;Van Gogh;A;A;N
1779, 1789 ou 1799. Em que ano aconteceu a queda da Bastilha, na França?;5;B;-;-;-;N
Sarampo, Pneumonia ou Tuberculose. Que doença é causada pelo bacilo de Koch?;5;C;-;-;-;N
Veneza, Roma, Gênova. Em que cidade nasceu Cristóvão Colombo?;5;C;Gênova;Genova;Genoa;N
Mil, dez mil, cem mil. Quantos metros quadrados tem um hectare?;5;B;Dez mil;Dez mil;Dez mil;N
Thomas Jefferson, Benjamin Franklin ou George Washington. Quem está na nota de 1 dólar?;5;C;-;-;-;N
O doce brigadeiro é originário de qual país?;4;Brasil;Alemanha;Suíça;Itália;N
Qual o nome do programa que Elis Regina apresentou na Record na década de 60?;4;O Fino da Bossa;Show da Pimentinha;Bossa Nova;Jovem Guarda;N
Um casal que vive 50 anos comemora que tipo de boda?;3;Ouro;Rubi;Diamante;-;N
Cleópatra, Brutus ou Nero. Quem matou o imperador Júlio César?;5;B;-;-;-;N
5, 6 ou 7. Quantos tipos de peças tem no jogo de xadrez?;5;B;-;-;-;N
Carolina de Mônaco, Charlotte de Mônaco ou Vitória da Suécia. Que princesa europeia teve anorexia?;5;C;-;-;-;N
4, 5 ou 6. Com quantos anos morreu a ovelha Dolly?;5;C;-;-;-;N
Advogada, Arquiteta ou Psicóloga. Qual é a profissão de Viviane Senna?;5;C;-;-;-;N
Hélios, Poseidon ou Dionísio. O Colosso de Rodes era a estátua de qual deus grego?;5;A;-;-;-;N
Alemanha, Áustria ou Inglaterra. Onde nasceu Claudia Schiffer?;5;A;-;-;-;N
14, 17 ou 18. Quantos nomes tinha Dom Pedro I?;5;B;-;-;-;N
Libra, Euro ou Dólar. Qual a moeda oficial da União Europeia?;5;B;-;-;-;N
Xangai, Pequim ou Hong Kong. Qual a maior cidade chinesa?;5;A;-;-;-;N
1943, 1945, 1951. Em que ano a ONU foi criada?;5;B;-;-;-;N
"Pernambuco, Maranhão ou Sergipe. Que estado é conhecido como ""Leão do Norte""?";5;A;-;-;-;N
Excelsior, Record ou Tupi. Qual foi a primeira emissora de TV inaugurada no Brasil?;5;C;-;-;-;N
Paris, Bruxelas ou Londres. Onde fica a sede da OTAN?;5;B;-;-;-;N
23, 24 ou 25. Quantas provas serão realizadas no Campeonato de Fórmula 1 de 2024?;5;B;-;-;-;N
5, 7 ou 9. A atmosfera terrestre tem quantas camadas distintas?;5;A;-;-;-;N
Fígado, Pâncreas ou Rim. Que órgão produz a insulina?;5;B;-;-;-;N
Geólogo, Arqueólogo, Agrônomo. Qual é a profissão de Indiana Jones?;5;B;-;-;-;N
Europa, Ásia ou África. Qual é o continente mais populoso do mundo?;5;B;-;-;-;N
9, 12 ou 15. Quantos astronautas já pisaram na Lua até hoje?;5;B;-;-;-;N
Perugia, Roma ou Milão. Onde nasceu a atriz Giulia Gam?;5;A;-;-;-;N
Arkansas, Tennessee ou Virgínia. Bill Clinton foi governador de qual estado americano?;5;A;-;-;-;N
Neologia, Neurologia, Noologia. Que ciência estuda a mente?;5;C;-;-;-;N
Italiano, Latim, Romano. Qual era o idioma falado no antigo Império Romano?;5;B;Latim;Latim;Latim;N
11, 12 ou 13. A América do Sul tem quantos países?;5;B;-;-;-;N
Russa, Sueca ou Alemã. Qual era a nacionalidade da atriz Greta Garbo?;5;B;-;-;-;N
"Euclides da Cunha, Machado de Assis, José de Alencar. Quem escreveu ""Os Sertões""?";5;A;-;-;-;N
Vietnã, Tailândia ou Camboja. Qual país era o antigo Reino do Sião?;5;B;-;-;-;N
Espanha, Cuba ou Estados Unidos. Onde nasceu a cantora Jennifer Lopez?;5;C;-;-;-;N
Como se chama o especialista em insetos?;4;Entomologista;Ornitólogo;Palentologista;Insetólogo;N
Quantos astronautas morreram no desastre do ônibus espacial do Columbia?;4;7;6;5;8;N
Que alimento é rico em cálcio?;4;Leite;Feijão;Arroz;Macarrão;N
Em que novela Bruna Lombardi e Carlos Alberto Riccelli se conheceram?;4;Aritana;Saramandaia;Mandala;Tropicaliente;N
O que significa filarmônica?;4;Sociedade musical;Filhos da música;Grupo harmônico;Filhos da alegria;N
Em que ano foi inaugurado o Bondinho do Pão de Açúcar?;4;1912;1914;1920;1945;N
Bóris Iéltsin, Vladimir Putin, Igor Ivanov. Quem é o atual presidente da Rússia?;5;B;-;-;-;N
Boca, Estômago ou Faringe. Onde começa o processo de digestão nos seres humanos?;5;A;-;-;-;N
Brad Pitt, Ben Affleck, Johnny Depp. Que ator tatuou o nome da atriz Wynona Ryder no corpo?;5;C;-;-;-;N
Estados Unidos, Rússia ou Canadá. Qual é o maior país do mundo em área territorial?;5;B;-;-;-;N
10, 12 ou 15. Quantas repúblicas formavam a antiga União Soviética?;5;C;-;-;-;N
Tirou as calças, vaiou o público ou queimou a guitarra. O que fez Jimi Hendrix em 1967?;5;C;-;-;-;N
"De quem é a frase ""Meu reino por um cavalo""?";4;Ricardo III;Henrique VIII;Francisco I;Luís XVI;N
Com que pedra preciosa está associada a profissão de advogado?;3;Rubi;Esmeralda;Safira;-;N
Equador, Colômbia ou Panamá. Onde é feito o chapéu conhecido como Panamá?;5;A;-;-;-;N
Nova York, São Francisco ou Chicago. Onde fica a ponte Golden Gate?;5;B;-;-;-;N
Monica Seles, Steffi Graf ou Gabriela Sabatini. Com quem é casado o tenista André Agassi?;5;B;-;-;-;N
Gibraltar, Bering ou Bósforo. Que estreito separa a Europa da Ásia?;5;C;-;-;-;N
34, 44 ou 54. Quantos dias tinha Pedro Álvares Cabral levou para chegar ao Brasil, de Portugal?;5;B;-;-;-;N
1923, 1928 ou 1931. Em que ano o Empire State foi inaugurado?;5;C;-;-;-;N
183, 203, 223. Quantos milhões de habitantes tem o Brasil?;5;B;-;-;-;N
13, 15 ou 18. Com cerca de quantos anos Cleópatra se tornou rainha do Egito?;5;C;-;-;-;N
"4, 7 ou 10. Quantos anos Leonardo da Vinci levou para pintar o quadro ""Mona Lisa""?";5;A;-;-;-;N
Rúpia, Rial ou Dinar. Qual é a moeda do Iraque?;5;C;-;-;-;N
Nova Jersey, Califórnia ou Virgínia. Em que estado americano nasceu Frank Sinatra?;5;A;-;-;-;N
França, Reino Unido ou Arábia. Onde nasceu Lawrence da Arábia?;5;B;-;-;-;N
Havaí, Austrália ou Nova Zelândia. Onde nasceu a atriz Nicole Kidman?;5;A;-;-;-;N
Portugal, Brasil ou França. Onde nasceu Dom Pedro II?;5;B;-;-;-;N
200, 300, 350. Qual é a pontuação máxima de um jogo de boliche?;5;B;-;-;-;N
Oxigênio, Hidrogênio ou Nitrogênio. Qual gás é usado para encher o pneu dos aviões?;5;C;-;-;-;N
Nepal, Paquistão ou Argentina. Onde fica a montanha K2, a mais perigosa do mundo?;5;B;-;-;-;N
329, 354 ou 402. Quantos dias tem o ano no calendário muçulmano?;5;B;-;-;-;N
Áspide, Anaconda ou Coral. Que tipo de cobra matou Cleópatra?;5;A;-;-;-;N
3, 4, 5. Ao todo, quantas medalhas Nadia Comaneci ganhou nas Olimpíadas?;5;C;-;-;-;N
"Stephen King, Agatha Christie ou Edgar Allan Poe. Quem escreveu ""Os Assassinatos na Rua Morgue""?";5;C;-;-;-;N
"Portinari, Monet ou Picasso. Quem pintou os murais ""Guerra e Paz"" na ONU?";5;A;-;-;-;N
São Vicente, Rio de Janeiro ou Salvador. Qual é a cidade mais antiga?;5;A;-;-;-;N
Metanol, Etanol, Carbonato. O álcool usado como combustível é uma mistura de água com:;5;B;-;-;-;N
"Michelangelo, Auguste Rodin, Victor Brecheret. Quem é o autor da escultura ""O Pensador""?";5;B;-;-;-;N
Dom Pedro I, Marechal Deodoro, Getúlio Vargas. Quem deu o primeiro golpe de estado do Brasil?;5;B;-;-;-;N
Paris, Berlim, Helsinque. Em que Olimpíada foi instituída a tradição da tocha olímpica?;5;B;-;-;-;N
Vitamina C, Vitamina E, Vitamina B2. Qual destas vitaminas é a riboflavina?;5;C;-;-;-;N
Joe Shuster, Bob Kane ou Stan Lee. Quem foi o criador de Batman?;5;B;-;-;-;N
Petrofibra, Elastano ou Poliamida. Qual é a nomenclatura técnica do nylon?;5;C;-;-;-;N
Partenon, Coliseu ou Esfinge. Que construção grega fica na Acrópole de Atenas?;5;A;-;-;-;N
Poodle, Fox Terrier ou Beagle. Qual a raça da cadela Laika, o 1º animal a orbitar a Terra?;5;B;-;-;-;N
1989, 1991 ou 1993. Em que ano ocorreu o fim da União Soviética?;5;B;-;-;-;N
Acrofobia, Ptesiofobia ou Aerofobia. Como se chama o medo de viajar de avião?;5;B;-;-;-;N
Qual foi a novela mais longa da TV brasileira?;4;Redenção;Irmãos Coragem;Terra Nostra;Pantanal;N
"40, 50, 60. Quantos anos a música ""Garota de Ipanema"" completou em 2022?";5;C;-;-;-;N
Alemanha, Inglaterra ou Suíça. Onde a Cruz Vermelha foi fundada?;5;C;-;-;-;N
Dallas, Washington ou Nova York. Onde o presidente John Kennedy foi assassinado?;5;A;-;-;-;N
1947, 1953, 1958. Em que ano o raio laser foi inventado?;5;B;-;-;-;N
Páprica, Cominho ou Açafrão. Como é conhecido o tempero feito com pimentão vermelho?;5;A;-;-;-;N
Samarra, Gamarra ou Navarra. Como é chamada a roupa feita de pele de ovelha?;5;A;-;-;-;N
1950, 1955 ou 1960. Em que ano foi inaugurada a Disneylândia na Califórnia?;5;B;-;-;-;N
Felix Hoffmann, Albert Sabin, Alfred Nobel. Quem sintetizou a aspirina?;5;A;-;-;-;N
1957, 1958, 1959. Em que ano Fidel Castro tomou posse em Cuba?;5;C;1959;1959;1959;N
Atacama, Saara, Mongólia. Qual é o deserto mais seco da Terra?;5;A;Atacama;Atacama;Atacama;N
Tiziu, Gasolina, Dondinho. Qual foi o primeiro apelido futebolístico de Pelé?;5;B;-;-;-;N
"5, 7, 10. Quantas vezes a palavra ""Brasil"" aparece no Hino Nacional?";5;C;-;-;-;N
35, 45 ou 50. Com quantos anos Tiradentes foi enforcado?;5;B;-;-;-;N
40, 41 ou 42. Qual o tamanho do primeiro pé que pisou na Lua?;5;B;-;-;-;N
Europa, Ásia ou África. Onde fica o Azerbaijão?;5;A;-;-;-;N
Ubatuba, Búzios ou Parati. Qual cidade é cortada pelo Trópico de Capricórnio?;5;A;-;-;-;N
Sergipe, Bahia ou Alagoas. Onde nasceu o escritor Jorge Amado?;5;B;-;-;-;N
Europa, Ásia ou África. Qual é o maior continente do mundo?;5;B;-;-;-;N
35, 42 ou 50. Com quantos anos Elvis Presley morreu?;5;B;-;-;-;N
Londres, Nova York ou Paris. Que cidade tem o maior metrô do mundo em extensão?;5;B;-;-;-;N
Índia, Rússia ou Islândia. O rublo é a moeda de que país?;5;B;-;-;-;N
Bahia, Pernambuco ou Minas Gerais. Onde nasce o Rio São Francisco?;5;C;-;-;-;N
Elefante, Gorila ou Baleia. Qual é o maior mamífero existente?;5;C;-;-;-;N
Aconcágua, Kilimanjaro ou Everest. Qual é a montanha mais alta do mundo?;5;C;-;-;-;N
"Italiana, Uruguaia ou Francesa. Que seleção de futebol é conhecida como ""Celeste Olímpica""?";5;B;-;-;-;N
Índia, Tailândia ou China. O elefente é o símbolo nacional de qual país?;5;B;-;-;-;N
Maui, Molokai ou Oahu. Em que ilha está localizada a capital do Havaí?;5;C;-;-;-;N
"Mangueira, Portela ou Salgueiro. Qual escola de samba é conhecida como ""Verde e Rosa""?";5;A;-;-;-;N
Hidrogênio, Oxigênio ou Nitrogênio. Qual gás existe em maior quantidade na atmosfera?;5;C;-;-;-;N
4, 5, 6. Quantos generais governaram o Brasil no regime militar?;5;B;-;-;-;N
Estados Unidos, Inglaterra ou Austrália. Em que país nasceu o ator Mel Gibson?;5;A;-;-;-;N
Nova Iorque, Washington, Londres. Onde fica a sede do FMI?;5;B;-;-;-;N
Lima Duarte, Chico Anysio, Walmor Chagas. Quem é o tio do ator Marcos Palmeira?;5;B;-;-;-;N
Sócrates, Platão ou Aristóteles. Qual destes filósofos é o mais antigo?;5;A;-;-;-;N
"Pedro Américo, Di Cavalcanti ou Portinari. De quem é o quadro ""Independência ou Morte""?";5;A;-;-;-;N
Paraíba, Pernambuco ou Pará. Qual destes estados é cortado pela linha do Equador?;5;C;-;-;-;N
Alemanha, Áustria ou Hungria. Onde nasceu Freud, o pai da Psicanálise?;5;B;-;-;-;N
1946, 1961 ou 1964. Em que ano foi construído o Muro de Berlim?;5;B;-;-;-;N
Michael Jordan, Wilt Chamberlain ou Magic Johnson. Quem fez 100 pontos num jogo de basquete?;5;B;-;-;-;N
Polônia, Hungria ou Alemanha. Em que país, na verdade, nasceu Elke Maravilha?;5;C;-;-;-;N
4, 5, 6. Quantas vezes Lula foi candidato à presidência do Brasil?;5;C;-;-;-;N
Piracucu, Jaú ou Pintado. Qual é o maior peixe de água doce do mundo?;5;A;-;-;-;N
Endrick, Vinícius Júnior ou Bellingham. Qual jogador usa atualmente a camisa 5 do Real Madrid?;5;C;-;-;-;N
"Índia, Vietnã ou Coreia do Sul. Que país é um dos ""Tigres Asiáticos""?";5;C;-;-;-;N
Zâmbia, Somália ou Paquistão. O urdu é idioma oficial de qual país?;5;C;-;-;-;N
Hialúrgico, Vitreolúrgico ou Silicolúrgico. Que nome recebe o indivíduo que fabrica vidros?;5;A;-;-;-;N
Alemanha, Itália ou Japão. Qual destes países tem regulamentada a pena de morte?;5;C;-;-;-;N
Demi Moore, Wynona Ryder ou Sandra Bullock. Que atriz saiu grávida e nua na capa de uma revista?;5;A;-;-;-;N
"Alec, William ou Stephen Baldwin. Quem é o par de Sharon Stone no filme ""Invasão de Privacidade""?";5;B;-;-;-;N
Donald Tusk, Charles Michel ou António Costa. Quem tomará posse como Presidente do Conselho Europeu da UE?;5;C;-;-;-;N
Leve, Galo ou Mosca. Em que categoria Éder Jofre foi campeão mundial de boxe em 1960?;5;B;-;-;-;N
85, 90 ou 95. Com quantos anos morreu Nelson Mandela?;5;C;-;-;-;N
Andes, Pirineus ou Himalaia. Onde fica o Monte Evereste?;5;C;-;-;-;N
3, 8 ou 11. Quantos ossos tem o ouvido humano?;5;A;-;-;-;N
"Quem dirigiu o filme ""Cidade de Deus""?";3;Fernando Meirelles;Cacá Diegues;Hector Babenco;-;N
Basquete, Vôlei ou Natação. Em qual esporte Ricardo Prado se destacou?;5;C;-;-;-;N
Carlota Pereira, Benedita da Silva ou Zélia Cardoso. Quem foi a primeira mulher a ser eleita deputada federal do Brasil?;5;A;-;-;-;N
Albatroz, Papagaio ou Condor. Qual é a ave voa mais alto?;5;C;-;-;-;N
Tempestade, Onda ou Correnteza. O que é uma trabuzana?;5;A;-;-;-;N
Verde e Azul, Verde e Branca ou Azul e Branca. Quais as cores da bandeira da Nigéria?;5;B;-;-;-;N
Antilhas, Caribe ou Sul da Austrália. Onde ficam as Ilhas Cayman?;5;B;-;-;-;N
BR-101, BR-116, BR-040. Que rodovia corta o litoral brasileiro?;5;A;-;-;-;N
Quem é o amigo do Popeye que gosta de comer hambúrguer?;3;Dudu;Leôncio;Zeca Urubu;-;N
Quantos anos tinha Marilyn Monroe quando morreu?;4;36 anos;32 anos;40 anos;42 anos;N
"Quem interpreta o líder dos escravos no filme ""Spartacus"", de 1960?";3;Kirk Douglas;Victor Mature;Gregory Peck;-;N
"No humorístico ""Família Trapo"", quem fazia o personagem ""Bronco""?";3;Ronald Golias;Jô Soares;Chico Anysio;-;N
No zodíaco, que signo vem depois de Touro?;3;Gêmeos;Peixes;Leão;-;N
"Que atriz foi protagonista da novela ""Escrava Isaura""?";3;Lucélia Santos;Vera Fischer;Tônia Carrero;-;N
Qual é a profissão de Stella McCartney, filha de Paul McCartney?;3;Estilista;Fotógrafa;Escritora;-;N
O que faz o marido de Suzana Werner?;3;Jogador de futebol;Ator;Músico;-;N
Qual é a profissão do Professor Pardal?;3;Inventor;Eletricista;Mecânico;-;N
Que esporte pratica Michael Jordan?;3;Basquete;Vôlei;Tênis;-;N
Qual artista de televisão é dono de um circo?;3;Marcos Frota;Miguel Falabella;Guilherme Fontes;-;N
Que casal deu o primeiro beijo na televisão brasileira?;3;Vida Alves e Walter Forster;Carlos Zara e Hebe Camargo;Tarcísio Meira e G. Menezes;-;213
Ivete Sangalo fez parte de que grupo?;4;Banda Eva;Chiclete com Banana;É o Tchan;Araketu;N
No cinema, quem fez o papel de Indiana Jones?;4;Harrison Ford;Michael Douglas;Bruce Willis;Nicholas Cage;N
Como se chama a massagem para eliminação de resíduos das células?;4;Drenagem linfática;Mesoterapia;Corrente russa;Endermoterapia;N
"Quem foi o apresentador do programa ""O Céu é o Limite""?";4;Jota Silvestre;Flávio Cavalcanti;Blota Júnior;Silvio Santos;N
Os Bee Gees são originários de qual país?;4;Inglaterra;Escócia;Estados Unidos;Austrália;N
Que personagem das histórias em quadrinhos é conhecido por ser pão-duro?;4;Tio Patinhas;Mickey;Pato Donald;Pateta;N
Com quem Malu Mader é casada?;4;Tony Belotto;Alexandre Frota;Pedro Bial;Paulo Zulu;N
Na falta de carboidratos, o que o organismo usa para conseguir energia?;4;Gorduras;Proteínas;Vitaminas;Minerais;N
Qual músico foi parceiro do escritor Paulo Coelho?;4;Raul Seixas;Erasmo Carlos;Roberto Carlos;Lobão;N
Em que praia carioca foi inaugurada uma estátua em homenagem a Carlos Drummond de Andrade?;4;Copacabana;Leblon;Ipanema;Barra da Tijuca;N
Quem interpretou Dona Beija na novela da extinta Rede Manchete?;3;Maitê Proença;Bruna Lombardi;Vera Fischer;-;N
O cantor Rodriguinho fazia parte de que grupo?;3;Os Travessos;Harmonia do Samba;Exaltasamba;-;N
Qual dos itens não é um legume?;3;Escarola;Berinjela;Vagem;-;N
Como é conhecido quem nasce na cidade de Salvador, Bahia?;3;Soteropolitano;Salvadorenho;Salvadeirense;-;N
O que se usa para pintar os cílios?;3;Rímel;Lápis;Delineador;-;N
O que significa acepipe?;3;Petisco;Molho;Tempero;-;N
Onde nasceu a escritora Isabel Allende?;3;Chile;Argentina;Peru;-;N
Em qual destes times Ronaldinho Gaúcho já jogou?;3;PSG;Internazionale;Real Madrid;-;N
Qual é a principal função do sommelier no restaurante?;3;Orienta clientes sobre os vinhos;Comanda a cozinha;Recepciona os clientes;-;N
Em que século o Brasil foi descoberto?;4;Século XV;Século XIV;Século XVI;Século XVII;2134
Qual desses animais bota o maior ovo?;4;Avestruz;Ganso;Jacaré;Tartaruga;N
"Quem escreveu o verso ""Tudo vale a pena se a alma não é pequena?""";4;Fernando Pessoa;Eça de Queirós;José Samarago;Luís de Camões;N
"Que arte marcial significa ""mãos vazias""?";4;Karatê;Aikidô;Jiu-jitsu;Judô;N
Qual estado brasileiro é o maior produtor de sal?;4;Rio Grande do Norte;Ceará;Rio de Janeiro;Bahia;N
Bentinho e Capitu são personagens de qual livro de Machado de Assis?;4;Dom Casmurro;Iaiá Garcia;Quincas Borba;A mão e a luva;N
Qual compositor clássico era surdo?;4;Beethoven;Strauss;Vivaldi;Bach;N
Qual o número de Dick Vigarista na Corrida Maluca?;4;00;07;01;22;N
Dinda, Maria, Canô. Quem é a mãe de Caetano Veloso?;5;C;-;-;-;N
5, 7, 9. Quantos pontos vale uma infração gravíssima de trânsito?;5;B;-;-;-;N
Irlanda, Escócia, Inglaterra. Em que país nasceu o ator Sean Connery?;5;B;-;-;-;N
Istambul, Bombaim, Ancara. Qual o nome atual da antiga cidade de Constantinopla?;5;A;-;-;-;N
Golfe, Tênis, Beisebol. O que pratica Tiger Woods?;5;A;-;-;-;N
Irlanda, Inglaterra, Canadá. O meridiano de Greenwich tem origem em que país?;5;B;-;-;-;N
Alumínio, Lítio, Cromo. Qual é o mais leve dos metais?;5;B;-;-;-;N
1959, 1960, 1961. Em que ano Éder Jofre ganhou o título mundial dos galos?;5;B;-;-;-;N
França, Argentina ou Espanha. Onde nasceu o cantor de tango Carlos Gardel?;5;A;-;-;-;N
1969, 1978 ou 1988. Em que ano foi promulgada a constituição em vigor no Brasil?;5;C;-;-;-;N
China, Índia ou Irã. Onde fica o Rio Ganges?;5;B;-;-;-;N
Alagoas, Maranhão, Pernambuco. Em que estado nasceu Lampião?;5;C;-;-;-;N
2, 4, 5. Quanto é 1/5 da metade de 20?;5;A;-;-;-;N
Portugal, Espanha ou França. O minueto é uma dança originária de que país?;5;C;-;-;-;N
Holanda, Bélgica ou Suíça. Onde fica a Corte Penal Internacional?;5;A;-;-;-;N
"Quem compõs o sucesso ""O que é que a baiana tem""?";3;Dorival Caymmi;Ary Barroso;Lamartine Babo;-;N
Em qual destes filmes o protagonista é cego?;3;Perfume de Mulher;Cidade dos Anjos;Veludo Azul;-;N
Nas histórias em quadrinhos, qual o nome do animal de estimação da Magali?;3;Mingau;Bidu;Floquinho;-;N
Além de ator, que outra ocupação o comediante Rogério Cardoso teve quando era vivo?;3;Vereador;Pintor;Cameraman;-;N
Quantos anos Mick Jagger completou em 2025?;3;82;80;76;-;N
Em que ano Ayrton Senna ganhou seu primeiro campeonato de Fórmula 1?;3;1988;1989;1990;-;123
Quem inventou o revólver?;3;Samuel Colt;Pietro Beretta;Joseph Taurus;-;N
Elvis Presley fez quantos filmes como ator?;3;31;33;29;-;N
Qual era a profissão do ex-presidente americano Ronald Reagan antes de ser político?;4;Ator;Advogado;Fazendeiro;Médico;N
Qual foi o último time de David Beckham?;4;Paris Saint-Germain;Milan;LA Galaxy;Real Madrid;N
Qual é o nome do primeiro filme inteiramente falado feito por Charles Chaplin?;4;O Grande Ditador;Tempos Modernos;O Garoto;Luzes da Ribalta;N
Qual é a idade mínima para ser vereador no Brasil?;4;18 anos;21 anos;25 anos;28 anos;1234
Hamlet, personagem de Shakespeare, era príncipe de qual país?;4;Dinamarca;Suécia;Suíça;França;N
Que país é o maior produtor mundial de ouro?;4;China;Canadá;Estados Unidos;Rússia;N
Qual é o drinque preferido do personagem James Bond?;4;Dry Martini;Alexander;Bloody Mary;Daiquiri;N
Qual é o nome artístico do cantor Jair Alves de Souza?;4;Jerry Adriani;Jair Rodrigues;Juca Chaves;Jamelão;N
A atriz Lizandra Souto foi casada com qual jogador de vôlei?;3;Tande;Giovane;Maurício;-;N
"Quem foi o diretor do filme ""Tubarão""?";3;Steven Spielberg;James Cameron;John Woo;-;N
Que mulheres mitológicas eram guerreiras e amputavam o seio direito?;3;Amazonas;Valquírias;Medusas;-;N
Qual é o ponto turístico mais visitado do mundo?;3;Torre Eiffel;Big Ben;Empire State;-;N
Qual o nome de batismo do boxeador Muhammad Ali?;3;Cassius Clay;George Foreman;Joe Louis;-;N
"No filme ""As Panteras"", quem faz o papel de Natalie?";3;Cameron Diaz;Lucy Liu;Drew Barrymore;-;N
Os cidadãos de que país estão isentos de impostos?;3;Mônaco;Suécia;Suíça;-;N
"Qual era a profissão de Antoine de Saint-Exupéry, autor de ""O Pequeno Príncipe""?";3;Aviador;Médico;Jornalista;-;N
Qual foi o primeiro cantor do mundo a gravar uma música em disco?;4;Enrico Caruso;Carlos Gardel;Francisco Alves;Vicente Celestino;N
Em que cidade mineira nasceu a dançarina Scheila Carvalho?;4;Juiz de Fora;Uberlândia;Uberaba;Belo Horizonte;N
"O seriado ""Chaves"" foi produzido em qual país latino-americano?";4;México;Argentina;Chile;Venezuela;N
"Qual ator fez o papel principal no filme ""O Homem da Máscara de Ferro""?";4;Leonardo di Caprio;Keanu Reeves;Brad Pitt;Tom Hanks;N
Do que tem medo a pessoa que sofre de triscedecofobia?;4;Número 13;Espelho;Escadas;Gato preto;N
Salomão Ayala foi personagem de qual novela dos anos 70?;4;O Astro;Pecado Capital;Carinhoso;Selva de Pedra;N
A ilha de Marajó pertence a qual estado?;4;Pará;Amazonas;Maranhão;Paraíba;N
Qual era o nome do corcunda de Notre-Dame?;4;Quasímodo;Igor;Gárgula;Cérbero;N
Qual das flores é símbolo do México?;4;Dália;Orquídea;Tulipa;Rosa;N
Qual compositor quebrou e atirou o violão contra a plateia no Festival da MPB de 1967?;3;Sérgio Ricardo;Geraldo Vandré;Edu Lobo;-;N
Como se chamam as madeiras em que os trilhos de trem se apoiam?;3;Dormentes;Estacas;Esteiras;-;N
Qual navegador descobriu a ilha de Fernando de Noronha?;3;Américo Vespúcio;Cristóvão Colombo;Pedro Álvares Cabral;-;N
Que emissora exibiu o primeiro Festival da Música Popular Brasileira?;3;Excelsior;Record;Tupi;-;N
Qual foi o país escolhido para sediar a Copa do Mundo de 2006?;3;Alemanha;Holanda;África do Sul;-;N
Em qual cidade nasceu a apresentadora Hebe Camargo?;4;Taubaté;Avaré;Guaxupé;Tremembé;N
Charada é o inimigo de qual super-herói?;4;Batman;Super-Homem;Aquaman;Capitão América;N
O Titanic zarpou com destino a qual cidade?;4;Nova York;Orlando;Lisboa;Cidade do Cabo;N
Quantos pinos tem o jogo de boliche?;4;10 pinos;8 pinos;12 pinos;9 pinos;N
"Qual destas atrizes é a protagonista do filme ""O Especialista""?";4;Sharon Stone;Angelina Jolie;Nicole Kidman;Julia Roberts;N
Qual o nome do barco oceanográfico usado por Jacques Costeau?;4;Calypso;Antares;Besnard;Atlantis;N
O músico Sivuca é mestre em tocar qual instrumento?;4;Sanfona;Violão;Violino;Piano;N
Como se chama o sargento que perseguia incansavelmente o Zorro?;4;Garcia;Diego;Bernardo;Jerônimo;N
Em que cidade norte-americana o presidente John Kennedy foi assassinado?;4;Dallas;Chicago;Detroit;Boston;N
O personagem Conde Drácula é originário de onde?;4;Transilvânia;Pensilvânia;Louisiana;Nova Zelândia;N
"Qual o nome do personagem de Stênio Garcia na série ""Carga Pesada""?";3;Bino;Pedro;Biro;-;N
Que filme brasileiro concorreu ao Oscar de melhor filme estrangeiro em 1996?;3;O Quatrilho;Central do Brasil;A Partilha;-;N
Quantos títulos o piloto alemão Michael Schumacher conquistou na Fórmula 1?;3;7 títulos;6 títulos;5 títulos;-;321
Qual é o nome do primeiro animal a viajar para o espaço?;3;Laika;Lassie;Milka;-;N
"Quantos quilos o ator Tom Cruise engordou para estrelar o filme ""O Último Samurai""?";3;9 quilos;12 quilos;6 quilos;-;N
Em que ano Vera Fischer foi eleita Miss Brasil?;3;1969;1971;1973;-;N
Qual é a maior espécie de baleia?;3;Azul;Jubarte;Cachalote;-;N
Quantos atores interpretaram o agente 007, James Bond?;3;6 atores;5 atores;4 atores;-;N
Com qual jogador de futebol a ex-Spice Girl, Victoria, é casada?;3;David Beckham;Zinedine Zidane;Christian Vieri;-;N
"Qual personagem o ator Lima Duarte interpretou na novela ""O Salvador da Pátria""?";3;Sassá Mutema;Salviano Lisboa;Sinhozinho Malta;-;N
Com qual imperador romano a rainha do Egito, Cleópatra, teve seu primeiro filho?;4;Júlio César;Marco Antônio;Pompeu;Augusto;N
Julia Roberts ganhou o Oscar de Melhor Atriz em 2001 por sua atuação em qual filme?;4;Erin Brockovich;Linha Mortal;Noiva em Fuga;Uma Linda Mulher;N
"Qual era a raça do cão ""Rin Tin Tin""?";4;Pastor Alemão;Rusk;Labrador;Dog Alemão;N
Em que filme a modelo Gisele Bündchen fez sua estreia no cinema?;4;Táxi;Top Sexy;Models;Passarela;N
Que estrela de Hollywood tinha o verdadeiro nome de Norma Jeane?;4;Marilyn Monroe;Greta Garbo;Vivien Leigh;Ingrid Bergman;N
Qual dessas partes regula a entrada de luz nos olhos?;4;Pupila;Retina;Íris;Cristalino;N
A modelo Cindy Crawford foi casada com qual ator?;4;Richard Gere;Bruce Willis;Mickey Rourke;Al Pacino;N
Segundo a Forbes, quem foi a atriz mais bem paga do mundo em 2025?;4;Nicole Kidman;Scarlett Johansson;Emma Stone;Cameron Diaz;N
Em que ano Frank Sinatra cantou no estádio do Maracanã?;4;1980;1978;1982;1984;2134
Zerbini, Adib Jatene ou Emílio Ribas. Qual foi o médico que fez o primeiro implante de ponte de safena do Brasil?;5;B;-;-;-;N
Pernambuco, Alagoas, Ceará. Onde surgiu a dança do frevo?;5;A;-;-;-;N
Como se chama o tratamento com banho de água de mar?;3;Talassoterapia;Hidroterapia;Termoterapia;-;N
De onde se retira a tapioca?;3;Mandioca;Trigo;Milho;-;N
Qual é o outro nome da vitamina C?;3;Ácido ascórbico;Ácido acetilsalicílico;Ácido acético;-;N
Quem interpretou Flor no filme “Dona Flor e seus dois maridos” em 1976?;3;Sônia Braga;Betty Faria;Marília Pêra;-;N
“Governar é abrir estradas”: Qual presidente adotou este lema?;3;Washington Luís;Juscelino Kubitschek;Getúlio Vargas;-;N
Quem é o autor da escultura conhecida como “Pietà”?;3;Michelangelo;Leonardo da Vinci;Auguste Rodin;-;N
Quem inventou o relógio de pulso?;3;Santos Dumont;Jean Piaget;Thomas Edison;-;N
Quem escreveu “Meu Pé de Laranja Lima”?;3;José Mauro de Vasconcelos;Monteiro Lobato;Maria Clara Machado;-;N
Qual jogador tem o sobrenome de “Nazário de Lima”?;3;Ronaldo;Rivaldo;Romário;-;N
Qual é a música mais conhecida de Zequinha de Abreu?;3;Tico-tico no Fubá;Ô Abre-Alas;Aquarela do Brasil;-;N
Como se chama o especialista em tratamento de canal dos dentes?;4;Endodontista;Periodontista;Ortodontista;Proctodontista;N
Onde fica a praia de Itacaré?;4;Bahia;Pernambuco;Ceará;Espírito Santo;N
O inseto conhecido como “barbeiro” é o transmissor de qual doença?;4;Mal de Chagas;Malária;Dengue;Meningite;N
Qual o apelido de Amyr Klink?;4;Navegador Solitário;Velejador Solitário;Viajante Solitário;Navegante Solitário;N
Ao que se refere o “bouquet” de um vinho?;4;Odor;Cor;Sabor;Tipo de uva;N
Qual desses clubes de futebol é conhecido como “Furacão”?;4;Atlético Paranaense;Santa Cruz;Grêmio;Remo;N
Quem escreveu a novela “Selva de Pedra”?;4;Janete Clair;Gilberto Braga;Glória Perez;Lauro César Muniz;
França, Uruguai ou Alemanha. Onde foi a primeira Copa do Mundo de futebol?;5;B;-;-;-;N
25, 26, 27. Quantas estrelas tem a bandeira do Brasil?;5;C;-;-;-;N
Freud, Sócrates ou Maquiavel. De quem é a frase “Os fins justificam os meios”?;5;C;-;-;-;N
Homero, Virgílio ou Ovídio. Quem escreveu “Eneida”?;5;B;-;-;-;N
Assírios, Sumérios ou Egípcios. Quem inventou a escrita?;5;B;-;-;-;N
Luís XIV, Luís XV, Luís XVI. Que rei era conhecido como o Rei Sol?;5;A;-;-;-;N
Qual o significado da palavra “ibirapuera” em tupi-guarani?;3;Madeira podre;Rio pequeno;Terras Alagadas;-;N
Qual é a matéria-prima do vidro?;3;Areia;Quartzo;Barro;-;N
Qual a identidade secreta do Super-Homem?;3;Clark Kent;Peter Parker;Bruce Wayne;-;N
Que espaçonave levou Neil Armstrong à Lua em 1969?;3;Apollo 11;Apollo 9;Apollo 13;-;213
Qual era o verdadeiro nome de Marilyn Monroe?;3;Norma Jean;Elizabeth Baker;Marilyn Brunette;-;N
Qual das alternativas é uma fruta?;3;Tomate;Rabanete;Abobrinha;-;N
Que cantor estrangeiro gravou a música “Ana Júlia”?;3;George Harrison;Ricky Martin;Enrique Iglesias;-;N
No jogo de truco, qual o naipe mais forte de uma manilha?;4;Paus;Espadas;Ouros;Copas;N
Qual desses elementos não é radioativo?;4;Manganês;Césio;Urânio;Tório;N
O ator Arnold Schwarzenegger nasceu em qual país?;4;Áustria;Estados Unidos;Alemanha;Holanda;N
Qual desses não faz parte do sobrenome do Duque de Caxias?;4;Veiga;Alves;Lima;Silva;N
Que brasileira ficou conhecida como “Heroína dos Dois Mundos?;4;Anita Garibaldi;Marquesa de Santos;Princesa Isabela;Ana Néri;N
Em qual desses estados nasceu Zagallo?;4;Alagoas;Rio de Janeiro;Pará;Rio Grande do Norte;N
Qual foi a invenção mais conhecida de Alfred Nobel?;3;Dinamite;Radiografia;Nitroglicerina;-;N
Quem fez parte da banda “Os Mutantes”?;3;Rita Lee;Ney Matogrosso;Lobão;-;N
Qual era o nome da primeira esposa de Lula?;3;Marisa;Marise;Marísia;-;N
O coala é “primo” de qual animal?;3;Canguru;Esquilo;Panda;-;N
Quantos atletas tem uma equipe de polo a cavalo?;3;4;5;6;-;N
Que cidade é conhecida como Veneza Brasileira?;4;Recife;Rio de Janeiro;Florianópolis;Vitória;N
Bono Vox é vocalista de qual banda?;4;U2;Rush;Rolling Stones;Oasis;N
“Barriga Verde” é a pessoa nascida em qual estado?;4;Santa Catarina;Paraná;Goiás;Acre;N
Quem fez o famoso assalto do “Trem Pagador”?;4;Ronald Biggs;Pablo Escobar;Che Guevara;Al Capone;N
Quem era o Príncipe da Jovem Guarda?;4;Ronnie Von;Jerry Adriani;Erasmo Carlos;Wanderley Cardoso;N
Quem escreveu “Alice no País das Maravilhas”?;4;Lewis Carroll;Irmãos Grimm;JK Rowling;Hans Christian Anderssen;N
Qual ônibus espacial explodiu após o lançamento;4;Challenger;Columbia;Discovery;Endeavour;N
Malte, Uva ou Maçã. Qual é a matéria-prima do champagne?;5;B;-;-;-;N
Qual é a cor de um cavalo baio?;3;Amarelo;Avermelhado;Preto e branco;-;N
Qual desses animais não é um réptil?;3;Salamandra;Jacaré;Tartaruga;-;N
Que cantor tem o apelido de “Cachorrão”?;3;Jair Rodrigues;Wilson Simonal;Sidney Magal;-;N
Em que museu está exposta a pintura “Monalisa”?;3;Louvre;Prado;Metropolitan;-;N
Qual é a maior ilha das Antilhas?;3;Cuba;Jamaica;Porto Rico;-;N
Quem é considerado o “Rei do Baião”?;3;Luís Gonzaga;Pedro Sertanejo;Dominguinhos;-;N
A cantora Dalva de Oliveira era mãe de quem?;3;Pery Ribeiro;Cauby Peixoto;Jerry Adriani;-;N
Que ator de filmes de ação pronunciou a frase “Hasta la vista, baby”?;4;Arnold Schwarzenegger;Jean-Claude Van Damme;Steven Seagal;Sylvester Sallone;N
Quem foi Virgulino Ferreira da Silva?;4;Lampião;Tiradentes;Caramuru;Zumbi;N
Onde nasceu Albert Einstein?;4;Alemanha;Israel;Estados Unidos;Rússia;N
Aparecido dos Reis Morais e Marcelo dos Reis Morais formam que dupla sertaneja?;4;Gian e Giovani;Edson e Hudson;Chrystian e Ralf;Chitãozinho e Xororó;N
Quem foi o apresentador do programa “Um Instante, Maestro!”?;3;Flávio Cavalcanti;Jota Silvestre;Bolinha;-;N
Quem adotou o pseudônimo “Julinho da Adelaide” para driblar a censura?;3;Chico Buarque;Caetano Veloso;Gilberto Gil;-;N
Na série original para a televisão, quantos são os Power Rangers?;3;Cinco;Quatro;Três;-;321
Que imperador romano deu o título de cônsul para um cavalo?;3;Calígula;Nero;Tibério;-;N
Mauro Gonçalves era o nome de qual humorista?;3;Zacarias;Mussum;Costinha;-;N
Quem é o atual ministro da Saúde? (2026);3;Alexandre Padilha;Humberto Costa;José Pinotti;-;N
Que atriz é mãe do ator Cecil Thiré?;4;Tônia Carrero;Eva Wilma;Nicette Bruno;Nair Belo;N
Qual destes queijos tem menor teor calórico?;4;Minas;Muçarela;Ementhal;Prato;N
Em qual cidade italiana se passa a história de Romeu e Julieta?;4;Verona;Florença;Gênova;Veneza;N
Em que emissora de televisão Ana Maria Braga fez sua estreia?;4;TV Tupi;TV Globo;TV Manchete;TV Record;N
Em que ano aconteceu a campanha conhecida como “Diretas Já?”;4;1984;1985;1982;1987;3124
A qual movimento do cinema nacional pertenceu Glauber Rocha?;4;Cinema Novo;Chancada;Cinema Moderno;Realismo;N
Com qual música Chico Buarque de Holanda ganhou o Festival de Música da Record em 1966?;4;A Banda;Carolina;Carcará;Domingo no Parque;N
Que ator interpretava o personagem “Barbosa” no programa TV Pirata?;4;Ney Latorraca;Marco Nanini;Pedro Cardoso;Diogo Vilela;N
Que povo inventou a aliança de casamento?;4;Hindu;Chinês;Espanhol;Português;N
Qual era o signo do cantor John Lennon?;4;Libra;Leão;Peixes;Touro;N
Qual o nome da irmã mais famosa de Caetano Veloso?;3;Maria Bethânia;Gal Costa;Simone;-;N
Quem foi a primeira brasileira a ser indicada para o Oscar de Melhor Atriz?;3;Fernanda Montenegro;Sônia Braga;Marília Pêra;-;N
Big Apple, a Grande Maçã, é o apelido de que cidade?;3;Nova York;Londres;São Francisco;-;N
Onde nasceu a cantora de bolero Perla?;3;Paraguai;Colômbia;Uruguai;-;N
Que atriz dizia que para dormir utilizava apenas algumas gotas do perfume Channel Nº 5?;3;Marilyn Monroe;Elizabeth Taylor;Sophia Lauren;-;N
Um beijo na boca movimenta quantos músculos da face?;3;29;17;34;-;213
No cinema, quem interpretou o aventureiro Indiana Jones?;3;Harrison Ford;Michael Douglas;Sean Connery;-;N
As gôndolas são embarcações típicas de qual cidade italiana?;3;Veneza;Nápoles;Gênova;-;N
Que apelido teve Joaquim José da Silva Xavier?;3;Tiradentes;Aleijadinho;Caramuru;-;N
Quem apelidou a Seleção Brasileira de Futebol de “Seleção Canarinho”?;3;Geraldo José de Almeida;Aymoré Moreira;João Saldanha;-;N
Em que capital do Brasil o dia amanhece primeiro?;4;João Pessoa;Natal;Maceió;Salvador;N
Quem fez sucesso com a música “Tropicana”?;4;Alceu Valença;Moraes Moreira;Zé Ramalho;Geraldo Azevedo;N
Que país tem a maior reserva de petróleo do mundo?;4;Venezuela;Arábia Saudita;Irã;Iraque;N
Que humorista criou o bordão “Ih, nojento!”?;4;Tião Macalé;Lico;Costinha;Brandão Filho;N
Oscarito, estrela de filmes de Chancada, nasceu em que país?;4;Espanha;Argentina;Brasil;Portugal;N
A expressão “abraço de tamanduá” é sinônimo de quê?;4;Traição;Amizade;Carinho;Força;N
Que nome tem o doce feito com leite de coco, açúcar e gemas de ovos?;4;Baba-de-moça;Pé-de-moleque;Papo-de-anjo;Beijo de freira;N
Figo, Ronaldo ou Zidane. Qual jogador já vestiu a camisa 5 do Real Madrid?;5;C;-;-;-;-
De quem é a frase “O povo gosta de luxo, quem gosta de miséria é intelectual”?;4;Joãozinho Trinta;João Figueiredo;Clodovil;Miguel Falabella;N
Que cidade brasileira foi planejada com a forma de avião?;4;Brasília;Belo Horizonte;Florianópolis;Curitiba;N
Antes de se tornar cantor, Nelson Gonçalves praticava que esporte?;4;Boxe;Tênis;Basquete;Futebol;N
Quantas vezes o humorista Chico Anysio já se casou?;4;6 vezes;5 vezes;4 vezes;3 vezes;4321
Qual foi a primeira novela da TV brasileira?;4;Sua Vida Me Pertence;Irmãos Coragem;Selva de Pedra;Beto Rockfeller;N
